sujet,date,statut
Comment l'art mural abstrait colombien intègre-t-il les symboles préhispaniques Muisca ?,2025-10-15T15:01:06.594867,succès
Quelle est la différence entre fresque vraie et fresque sèche en termes de coût de production ?,2025-10-17T09:36:32.152953,succès
Pourquoi les compositions murales abstraites baroques napolitaines utilisaient-elles tant de lapis-lazuli ?,2025-10-21T09:40:41.506108,succès
Comment identifier une fresque abstraite réalisée avec des substituts bon marché de pigments nobles ?,2025-10-24T09:37:51.832289,succès
Quel est le prix au mètre carré d'une fresque murale abstraite contemporaine commandée à un artiste reconnu ?,2025-10-28T07:37:15.884556,succès
Pourquoi l'art mural abstrait péruvien colonial mélange-t-il iconographie catholique et motifs géométriques andins ?,2025-11-04T07:38:34.233339,succès
Comment les peintres muraux abstraits de la Renaissance s'assuraient-ils du paiement avant livraison ?,2025-11-11T07:38:40.059249,succès
Quelle est l'origine des motifs en grecque dans l'abstraction murale classique méditerranéenne ?,2025-11-18T07:27:30.648803,succès
Les taxes sur les importations de pigments : quel impact sur l'art mural abstrait du XVIIe siècle ?,2025-11-25T07:28:12.944360,succès
Pourquoi l'abstraction murale cubaine post-révolutionnaire a-t-elle adopté un langage géométrique socialiste ?,2025-12-02T07:30:07.347262,succès
Comment évaluer la valeur patrimoniale d'une fresque murale abstraite baroque en péril ?,2025-12-09T07:31:33.628136,succès
Les fresques abstraites commandées puis refusées : quels recours légaux pour les artistes Renaissance ?,2025-12-16T07:32:22.823924,succès
Pourquoi l'art mural abstrait chilien intègre-t-il des références aux textiles Mapuche traditionnels ?,2025-12-23T07:32:50.138703,succès
Comment les banquiers florentins finançaient-ils les grands cycles de fresques murales abstraites ?,2025-12-30T07:31:59.900158,succès
Le commerce triangulaire et ses pigments : comment l'économie esclavagiste a-t-elle influencé l'art mural colonial ?,2026-01-06T07:35:06.561555,succès
Pourquoi les fresques murales abstraites des palais génois utilisaient-elles des marbres pulvérisés ?,2026-01-13T07:34:00.216609,succès
Comment l'art mural abstrait vénézuélien a-t-il développé un cinétisme géométrique spécifique ?,2026-01-20T07:37:32.382214,succès
Quel pourcentage du budget d'un palais baroque était consacré aux décors muraux abstraits ?,2026-01-27T07:35:16.530243,succès
